{
    "a": [
        0.0,
        0.8571428571428572,
        0.06666666666666667,
        0.14285714285714285
    ],
    "b": [
        0.06666666666666667,
        0.8571428571428572,
        0.06666666666666667,
        0.14285714285714285
    ],
    "c": [
        0.13333333333333333,
        0.8571428571428572,
        0.06666666666666667,
        0.14285714285714285
    ],
    "d": [
        0.2,
        0.8571428571428572,
        0.06666666666666667,
        0.14285714285714285
    ],
    "e": [
        0.26666666666666666,
        0.8571428571428572,
        0.06666666666666667,
        0.14285714285714285
    ],
    "f": [
        0.3333333333333333,
        0.8571428571428572,
        0.06666666666666667,
        0.14285714285714285
    ],
    "g": [
        0.4,
        0.8571428571428572,
        0.06666666666666667,
        0.14285714285714285
    ],
    "h": [
        0.4666666666666667,
        0.8571428571428572,
        0.06666666666666667,
        0.14285714285714285
    ],
    "i": [
        0.5333333333333333,
        0.8571428571428572,
        0.06666666666666667,
        0.14285714285714285
    ],
    "j": [
        0.6,
        0.8571428571428572,
        0.06666666666666667,
        0.14285714285714285
    ],
    "k": [
        0.6666666666666666,
        0.8571428571428572,
        0.06666666666666667,
        0.14285714285714285
    ],
    "l": [
        0.7333333333333333,
        0.8571428571428572,
        0.06666666666666667,
        0.14285714285714285
    ],
    "m": [
        0.8,
        0.8571428571428572,
        0.06666666666666667,
        0.14285714285714285
    ],
    "n": [
        0.8666666666666667,
        0.8571428571428572,
        0.06666666666666667,
        0.14285714285714285
    ],
    "o": [
        0.9333333333333333,
        0.8571428571428572,
        0.06666666666666667,
        0.14285714285714285
    ],
    "p": [
        0.0,
        0.7142857142857144,
        0.06666666666666667,
        0.14285714285714285
    ],
    "q": [
        0.06666666666666667,
        0.7142857142857144,
        0.06666666666666667,
        0.14285714285714285
    ],
    "r": [
        0.13333333333333333,
        0.7142857142857144,
        0.06666666666666667,
        0.14285714285714285
    ],
    "s": [
        0.2,
        0.7142857142857144,
        0.06666666666666667,
        0.14285714285714285
    ],
    "t": [
        0.26666666666666666,
        0.7142857142857144,
        0.06666666666666667,
        0.14285714285714285
    ],
    "u": [
        0.3333333333333333,
        0.7142857142857144,
        0.06666666666666667,
        0.14285714285714285
    ],
    "v": [
        0.4,
        0.7142857142857144,
        0.06666666666666667,
        0.14285714285714285
    ],
    "w": [
        0.4666666666666667,
        0.7142857142857144,
        0.06666666666666667,
        0.14285714285714285
    ],
    "x": [
        0.5333333333333333,
        0.7142857142857144,
        0.06666666666666667,
        0.14285714285714285
    ],
    "y": [
        0.6,
        0.7142857142857144,
        0.06666666666666667,
        0.14285714285714285
    ],
    "z": [
        0.6666666666666666,
        0.7142857142857144,
        0.06666666666666667,
        0.14285714285714285
    ],
    "A": [
        0.7333333333333333,
        0.7142857142857144,
        0.06666666666666667,
        0.14285714285714285
    ],
    "B": [
        0.8,
        0.7142857142857144,
        0.06666666666666667,
        0.14285714285714285
    ],
    "C": [
        0.8666666666666667,
        0.7142857142857144,
        0.06666666666666667,
        0.14285714285714285
    ],
    "D": [
        0.9333333333333333,
        0.7142857142857144,
        0.06666666666666667,
        0.14285714285714285
    ],
    "E": [
        0.0,
        0.5714285714285714,
        0.06666666666666667,
        0.14285714285714285
    ],
    "F": [
        0.06666666666666667,
        0.5714285714285714,
        0.06666666666666667,
        0.14285714285714285
    ],
    "G": [
        0.13333333333333333,
        0.5714285714285714,
        0.06666666666666667,
        0.14285714285714285
    ],
    "H": [
        0.2,
        0.5714285714285714,
        0.06666666666666667,
        0.14285714285714285
    ],
    "I": [
        0.26666666666666666,
        0.5714285714285714,
        0.06666666666666667,
        0.14285714285714285
    ],
    "J": [
        0.3333333333333333,
        0.5714285714285714,
        0.06666666666666667,
        0.14285714285714285
    ],
    "K": [
        0.4,
        0.5714285714285714,
        0.06666666666666667,
        0.14285714285714285
    ],
    "L": [
        0.4666666666666667,
        0.5714285714285714,
        0.06666666666666667,
        0.14285714285714285
    ],
    "M": [
        0.5333333333333333,
        0.5714285714285714,
        0.06666666666666667,
        0.14285714285714285
    ],
    "N": [
        0.6,
        0.5714285714285714,
        0.06666666666666667,
        0.14285714285714285
    ],
    "O": [
        0.6666666666666666,
        0.5714285714285714,
        0.06666666666666667,
        0.14285714285714285
    ],
    "P": [
        0.7333333333333333,
        0.5714285714285714,
        0.06666666666666667,
        0.14285714285714285
    ],
    "Q": [
        0.8,
        0.5714285714285714,
        0.06666666666666667,
        0.14285714285714285
    ],
    "R": [
        0.8666666666666667,
        0.5714285714285714,
        0.06666666666666667,
        0.14285714285714285
    ],
    "S": [
        0.9333333333333333,
        0.5714285714285714,
        0.06666666666666667,
        0.14285714285714285
    ],
    "T": [
        0.0,
        0.42857142857142855,
        0.06666666666666667,
        0.14285714285714285
    ],
    "U": [
        0.06666666666666667,
        0.42857142857142855,
        0.06666666666666667,
        0.14285714285714285
    ],
    "V": [
        0.13333333333333333,
        0.42857142857142855,
        0.06666666666666667,
        0.14285714285714285
    ],
    "W": [
        0.2,
        0.42857142857142855,
        0.06666666666666667,
        0.14285714285714285
    ],
    "X": [
        0.26666666666666666,
        0.42857142857142855,
        0.06666666666666667,
        0.14285714285714285
    ],
    "Y": [
        0.3333333333333333,
        0.42857142857142855,
        0.06666666666666667,
        0.14285714285714285
    ],
    "Z": [
        0.4,
        0.42857142857142855,
        0.06666666666666667,
        0.14285714285714285
    ],
    "0": [
        0.4666666666666667,
        0.42857142857142855,
        0.06666666666666667,
        0.14285714285714285
    ],
    "1": [
        0.5333333333333333,
        0.42857142857142855,
        0.06666666666666667,
        0.14285714285714285
    ],
    "2": [
        0.6,
        0.42857142857142855,
        0.06666666666666667,
        0.14285714285714285
    ],
    "3": [
        0.6666666666666666,
        0.42857142857142855,
        0.06666666666666667,
        0.14285714285714285
    ],
    "4": [
        0.7333333333333333,
        0.42857142857142855,
        0.06666666666666667,
        0.14285714285714285
    ],
    "5": [
        0.8,
        0.42857142857142855,
        0.06666666666666667,
        0.14285714285714285
    ],
    "6": [
        0.8666666666666667,
        0.42857142857142855,
        0.06666666666666667,
        0.14285714285714285
    ],
    "7": [
        0.9333333333333333,
        0.42857142857142855,
        0.06666666666666667,
        0.14285714285714285
    ],
    "8": [
        0.0,
        0.28571428571428575,
        0.06666666666666667,
        0.14285714285714285
    ],
    "9": [
        0.06666666666666667,
        0.28571428571428575,
        0.06666666666666667,
        0.14285714285714285
    ],
    "\u00e4": [
        0.13333333333333333,
        0.28571428571428575,
        0.06666666666666667,
        0.14285714285714285
    ],